frame,time,phase,x,y,z,pitch,yaw,roll,camPitch,camYaw,camRoll,leftX,leftY,leftZ,rightX,rightY,rightZ
0.000000,0.000000,0.000000,0.000000,0.000000,0.000000,0.000000,0.000000,0.000000,0.000000,0.000000,0.000000,-0.698913,0.332263,-0.379047,-0.977655,-2.872323,0.110540
1.000000,0.016667,0.005780,-0.000124,-0.000001,-0.000048,0.021091,0.003720,-0.132904,-0.008209,0.019480,-0.000183,-0.705079,0.329718,-0.379047,-0.977655,-2.872325,0.110537
2.000000,0.033333,0.011561,-0.000484,-0.000009,-0.000181,0.079464,0.013782,-0.511597,-0.031830,0.075695,-0.000732,-0.722696,0.321252,-0.378090,-0.977655,-2.872325,0.110534
3.000000,0.050000,0.017341,-0.001064,-0.000030,-0.000383,0.167826,0.028222,-1.106110,-0.069489,0.165308,-0.001678,-0.750616,0.305848,-0.373629,-0.977659,-2.872324,0.110535
4.000000,0.066667,0.023121,-0.001848,-0.000071,-0.000635,0.278875,0.044949,-1.886597,-0.119812,0.284982,-0.003052,-0.787586,0.282474,-0.362629,-0.977667,-2.872322,0.110535
5.000000,0.083333,0.028902,-0.002820,-0.000139,-0.000922,0.405283,0.061921,-2.823090,-0.181366,0.431382,-0.004883,-0.832072,0.249586,-0.342975,-0.977671,-2.872323,0.110532
6.000000,0.100000,0.034682,-0.003964,-0.000240,-0.001225,0.539627,0.077330,-3.885498,-0.252747,0.601172,-0.007233,-0.881765,0.205448,-0.314426,-0.977680,-2.872320,0.110530
7.000000,0.116667,0.040462,-0.005263,-0.000381,-0.001529,0.674401,0.089702,-5.043640,-0.332520,0.791016,-0.010132,-0.934154,0.147048,-0.280603,-0.977684,-2.872320,0.110531
8.000000,0.133333,0.046243,-0.006701,-0.000568,-0.001815,0.801999,0.097985,-6.267212,-0.419342,0.997577,-0.013641,-0.986219,0.070671,-0.249843,-0.977693,-2.872317,0.110530
9.000000,0.150000,0.052023,-0.008262,-0.000809,-0.002067,0.914741,0.101570,-7.525635,-0.511749,1.217516,-0.017792,-1.032929,-0.027613,-0.212619,-0.977704,-2.872315,0.110530
10.000000,0.166667,0.057803,-0.009929,-0.001110,-0.002269,1.004935,0.100387,-8.788452,-0.608337,1.447495,-0.022552,-1.071290,-0.150048,-0.161752,-0.977712,-2.872315,0.110531
11.000000,0.183333,0.063584,-0.011687,-0.001477,-0.002402,1.064873,0.094778,-10.025050,-0.707764,1.684176,-0.027924,-1.102160,-0.298680,-0.112652,-0.977719,-2.872311,0.110530
12.000000,0.200000,0.069364,-0.013519,-0.001917,-0.002450,1.086893,0.085479,-11.204990,-0.808502,1.924215,-0.033844,-1.126719,-0.474565,-0.077819,-0.977729,-2.872309,0.110532
13.000000,0.216667,0.075145,-0.015408,-0.002438,-0.002396,1.063388,0.073423,-12.297820,-0.909241,2.164272,-0.040314,-1.145459,-0.677341,-0.065213,-0.977737,-2.872306,0.110537
14.000000,0.233333,0.080925,-0.017340,-0.003045,-0.002223,0.986813,0.059712,-13.273320,-1.008545,2.401004,-0.047211,-1.159593,-0.907275,-0.079152,-0.977746,-2.872303,0.110535
15.000000,0.250000,0.086705,-0.019297,-0.003745,-0.001914,0.849665,0.045233,-14.101440,-1.105042,2.631067,-0.054443,-1.174262,-1.139830,-0.185320,-0.977750,-2.872301,0.110533
16.000000,0.266667,0.092486,-0.021263,-0.004545,-0.001452,0.644483,0.030638,-14.752200,-1.197235,2.851117,-0.061890,-1.183580,-1.250781,-0.278169,-0.977753,-2.872297,0.110537
17.000000,0.283333,0.098266,-0.023221,-0.005452,-0.000820,0.363781,0.015892,-15.195770,-1.283813,3.057810,-0.069366,-1.183576,-1.250775,-0.278167,-0.977754,-2.872294,0.110536
18.000000,0.300000,0.104046,-0.025157,-0.006471,0.000000,0.000000,0.000008,-15.402220,-1.363373,3.247800,-0.076752,-1.183571,-1.250766,-0.278173,-0.977756,-2.872292,0.110536
19.000000,0.316667,0.109827,-0.027284,-0.008289,0.001616,-0.574951,-0.042755,-14.687070,-1.434509,3.417744,-0.083862,-1.204893,-1.200057,-0.286144,-0.977760,-2.872289,0.110538
20.000000,0.333333,0.115607,-0.029581,-0.011063,0.004141,-1.378448,-0.138763,-12.871370,-1.495819,3.564296,-0.090485,-1.249229,-1.073565,-0.305182,-0.977750,-2.872286,0.110531
21.000000,0.350000,0.121387,-0.031679,-0.014012,0.006846,-2.251556,-0.278809,-10.685120,-1.545898,3.684107,-0.096466,-1.289678,-0.913160,-0.327694,-0.977745,-2.872281,0.110529
22.000000,0.366667,0.127168,-0.033208,-0.016355,0.009003,-3.038513,-0.424652,-8.862091,-1.583374,3.773840,-0.101593,-1.314837,-0.767705,-0.346135,-0.977735,-2.872276,0.110528
23.000000,0.383333,0.132948,-0.033800,-0.017309,0.009884,-3.590424,-0.509522,-8.138000,-1.606842,3.830144,-0.105713,-1.330299,-0.687317,-0.353596,-0.977737,-2.872272,0.110526
24.000000,0.400000,0.138728,-0.033800,-0.017251,0.009885,-3.911530,-0.517212,-8.435638,-1.614960,3.849676,-0.108643,-1.458417,-0.672529,-0.352209,-0.977733,-2.872271,0.110526
25.000000,0.416667,0.144509,-0.033799,-0.017092,0.009885,-4.114990,-0.487000,-9.128326,-1.613556,3.834855,-0.110596,-1.574475,-0.707354,-0.366804,-0.977739,-2.872268,0.110524
26.000000,0.433333,0.150289,-0.033798,-0.016855,0.009886,-4.218384,-0.426209,-10.127380,-1.609741,3.792365,-0.111908,-1.608245,-0.783801,-0.403490,-0.977745,-2.872269,0.110525
27.000000,0.450000,0.156069,-0.033796,-0.016561,0.009888,-4.239044,-0.343872,-11.343750,-1.604004,3.725266,-0.112640,-1.575279,-0.882953,-0.459892,-0.977752,-2.872269,0.110526
28.000000,0.466667,0.161850,-0.033795,-0.016233,0.009889,-4.194611,-0.249451,-12.687930,-1.596649,3.636619,-0.112824,-1.498062,-0.984035,-0.531920,-0.977761,-2.872267,0.110530
29.000000,0.483333,0.167630,-0.033793,-0.015894,0.009891,-4.103302,-0.152008,-14.070160,-1.588104,3.529479,-0.112579,-1.408313,-1.068955,-0.613946,-0.977767,-2.872268,0.110531
30.000000,0.500000,0.173410,-0.033791,-0.015567,0.009893,-3.984070,-0.059662,-15.400670,-1.578796,3.406910,-0.111939,-1.344636,-1.126387,-0.699536,-0.977773,-2.872266,0.110535
31.000000,0.516667,0.179191,-0.033790,-0.015273,0.009894,-3.856476,0.020737,-16.589970,-1.569122,3.271967,-0.110962,-1.347841,-1.151996,-0.782320,-0.977780,-2.872267,0.110537
32.000000,0.533333,0.184971,-0.033788,-0.015035,0.009895,-3.740479,0.083676,-17.549100,-1.559418,3.127713,-0.109741,-1.457536,-1.144742,-0.856635,-0.977782,-2.872268,0.110537
33.000000,0.550000,0.190751,-0.033788,-0.014876,0.009896,-3.656189,0.124606,-18.189420,-1.550171,2.977206,-0.108276,-2.003909,-1.026790,-0.868688,-0.977786,-2.872270,0.110539
34.000000,0.566667,0.196532,-0.033787,-0.014818,0.009896,-3.623688,0.139263,-18.422520,-1.541687,2.823500,-0.106659,-2.590030,-1.295569,-0.920071,-0.977788,-2.872267,0.110541
35.000000,0.583333,0.202312,-0.033861,-0.014891,0.009896,-3.631744,0.137689,-18.380280,-1.534424,2.669658,-0.104950,-3.303383,-1.732904,-0.968441,-0.977787,-2.872268,0.110539
36.000000,0.600000,0.208093,-0.034067,-0.015097,0.009896,-3.653503,0.133129,-18.261630,-1.528809,2.518734,-0.103180,-4.065981,-2.263128,-1.011636,-0.977786,-2.872268,0.110539
37.000000,0.616667,0.213873,-0.034383,-0.015414,0.009896,-3.685181,0.125763,-18.078610,-1.525177,2.373789,-0.101379,-4.798959,-2.810097,-1.047977,-0.977787,-2.872269,0.110540
38.000000,0.633333,0.219653,-0.034788,-0.015818,0.009896,-3.723083,0.115792,-17.843320,-1.523956,2.237877,-0.099640,-5.422536,-3.296404,-1.075647,-0.977784,-2.872269,0.110541
39.000000,0.650000,0.225434,-0.035259,-0.016289,0.009896,-3.763519,0.103372,-17.567840,-1.528046,2.113410,-0.098053,-5.855589,-3.645470,-1.093576,-0.977784,-2.872267,0.110540
40.000000,0.666667,0.231214,-0.035774,-0.016805,0.009896,-3.802704,0.088799,-17.264340,-1.539429,2.000229,-0.096741,-6.017949,-3.778995,-1.099851,-0.977785,-2.872268,0.110541
41.000000,0.683333,0.236994,-0.036311,-0.017342,0.009896,-3.836914,0.072359,-16.944950,-1.557281,1.897531,-0.095642,-6.017951,-3.778998,-1.099851,-0.977784,-2.872267,0.110538
42.000000,0.700000,0.242775,-0.036849,-0.017879,0.009896,-3.862427,0.054450,-16.621920,-1.580719,1.804514,-0.094727,-6.017949,-3.779001,-1.099854,-0.977781,-2.872268,0.110539
43.000000,0.716667,0.248555,-0.037364,-0.018394,0.009896,-3.875549,0.035467,-16.307530,-1.608917,1.720380,-0.093994,-6.017948,-3.779007,-1.099852,-0.977783,-2.872267,0.110539
44.000000,0.733333,0.254335,-0.037835,-0.018865,0.009896,-3.872498,0.015917,-16.014100,-1.640961,1.644325,-0.093353,-6.017945,-3.779009,-1.099855,-0.977778,-2.872267,0.110536
45.000000,0.750000,0.260116,-0.038239,-0.019270,0.009896,-3.849670,-0.003723,-15.753940,-1.676025,1.575551,-0.092804,-6.017945,-3.779011,-1.099856,-0.977778,-2.872266,0.110538
46.000000,0.766667,0.265896,-0.038556,-0.019586,0.009896,-3.803345,-0.022949,-15.539430,-1.713257,1.513254,-0.092346,-6.017943,-3.779011,-1.099856,-0.977780,-2.872269,0.110537
47.000000,0.783333,0.271676,-0.038762,-0.019792,0.009896,-3.729950,-0.041321,-15.382810,-1.751740,1.456635,-0.091949,-6.017941,-3.779011,-1.099856,-0.977778,-2.872267,0.110537
48.000000,0.800000,0.277457,-0.038835,-0.019866,0.009896,-3.625885,-0.058441,-15.296390,-1.790680,1.404892,-0.091553,-6.017945,-3.779013,-1.099854,-0.977776,-2.872269,0.110539
49.000000,0.816667,0.283237,-0.038835,-0.019866,0.009896,-3.466827,-0.079468,-15.242070,-1.829163,1.357225,-0.091187,-6.017946,-3.779011,-1.099850,-0.977776,-2.872269,0.110538
50.000000,0.833333,0.289017,-0.038835,-0.019866,0.009896,-3.242218,-0.108307,-15.176300,-1.866394,1.312831,-0.090790,-6.017948,-3.779010,-1.099848,-0.977775,-2.872270,0.110536
51.000000,0.850000,0.294798,-0.038835,-0.019866,0.009896,-2.969330,-0.142578,-15.102690,-1.901428,1.270911,-0.090363,-6.017948,-3.779009,-1.099843,-0.977774,-2.872271,0.110538
52.000000,0.866667,0.300578,-0.038835,-0.019866,0.009896,-2.665253,-0.180115,-15.024900,-1.933441,1.230662,-0.089905,-6.017954,-3.779008,-1.099839,-0.977773,-2.872270,0.110537
53.000000,0.883333,0.306358,-0.038835,-0.019866,0.009896,-2.347046,-0.218842,-14.946470,-1.961578,1.191284,-0.089355,-6.017960,-3.779006,-1.099835,-0.977776,-2.872271,0.110540
54.000000,0.900000,0.312139,-0.038835,-0.019866,0.009896,-2.031708,-0.256622,-14.870880,-1.984955,1.151976,-0.088715,-6.017958,-3.779006,-1.099826,-0.977775,-2.872273,0.110540
55.000000,0.916667,0.317919,-0.038835,-0.019866,0.009896,-1.736115,-0.291657,-14.801570,-2.002747,1.111936,-0.087982,-6.017964,-3.779006,-1.099824,-0.977771,-2.872275,0.110540
56.000000,0.933333,0.323699,-0.038835,-0.019866,0.009896,-1.477020,-0.321960,-14.741850,-2.014038,1.070365,-0.087128,-6.017965,-3.779006,-1.099816,-0.977771,-2.872274,0.110542
57.000000,0.950000,0.329480,-0.038835,-0.019866,0.009896,-1.271240,-0.345856,-14.695130,-2.018036,1.026460,-0.086121,-6.017968,-3.779006,-1.099812,-0.977773,-2.872278,0.110543
58.000000,0.966667,0.335260,-0.038835,-0.019866,0.009896,-1.135468,-0.361481,-14.664640,-2.017914,0.979622,-0.084686,-6.017971,-3.779008,-1.099807,-0.977771,-2.872276,0.110545
59.000000,0.983333,0.341041,-0.038835,-0.019866,0.009896,-1.086456,-0.367096,-14.653720,-2.016937,0.930065,-0.082581,-6.017972,-3.779010,-1.099806,-0.977773,-2.872276,0.110542
60.000000,1.000000,0.346821,-0.038714,-0.019665,0.009865,-1.114960,-0.357819,-14.788970,-2.014191,0.878207,-0.079895,-6.017972,-3.779013,-1.099805,-0.977772,-2.872275,0.110543
61.000000,1.016667,0.352601,-0.038372,-0.019099,0.009777,-1.195038,-0.331299,-15.169800,-2.008850,0.824467,-0.076660,-6.017974,-3.779012,-1.099799,-0.977779,-2.872275,0.110547
62.000000,1.033333,0.358382,-0.037845,-0.018224,0.009640,-1.318573,-0.289246,-15.759120,-1.999969,0.769264,-0.072937,-6.017975,-3.779012,-1.099802,-0.977776,-2.872276,0.110546
63.000000,1.050000,0.364162,-0.037164,-0.017097,0.009465,-1.477386,-0.233063,-16.520020,-1.986725,0.713016,-0.068787,-6.017979,-3.779008,-1.099796,-0.977783,-2.872274,0.110545
64.000000,1.066667,0.369942,-0.036365,-0.015773,0.009258,-1.663239,-0.164276,-17.415370,-1.968201,0.656144,-0.064301,-6.018007,-3.778998,-1.099784,-0.977784,-2.872274,0.110546
65.000000,1.083333,0.375723,-0.035482,-0.014308,0.009030,-1.867920,-0.084656,-18.407960,-1.943573,0.599065,-0.059540,-5.983675,-3.750340,-1.093686,-0.977787,-2.872275,0.110547
66.000000,1.100000,0.381503,-0.034547,-0.012760,0.008789,-2.083252,0.003562,-19.460050,-1.911896,0.542200,-0.054535,-5.885434,-3.668837,-1.076280,-0.977792,-2.872273,0.110550
67.000000,1.116667,0.387283,-0.033596,-0.011184,0.008543,-2.301147,0.097654,-20.533660,-1.872375,0.485968,-0.049408,-5.730420,-3.541106,-1.048857,-0.977795,-2.872273,0.110553
68.000000,1.133333,0.393064,-0.032661,-0.009635,0.008302,-2.513794,0.194182,-21.590420,-1.824066,0.430788,-0.044189,-5.525356,-3.374187,-1.013087,-0.977800,-2.872272,0.110555
69.000000,1.150000,0.398844,-0.031778,-0.008171,0.008074,-2.713470,0.289186,-22.591610,-1.766113,0.377081,-0.038971,-5.278073,-3.174097,-0.969664,-0.977585,-2.872278,0.110067
70.000000,1.166667,0.404624,-0.030979,-0.006847,0.007867,-2.892761,0.378228,-23.498350,-1.697662,0.325268,-0.033813,-4.995374,-2.947758,-0.920159,-0.977603,-2.872276,0.110077
71.000000,1.183333,0.410405,-0.030299,-0.005720,0.007692,-3.044464,0.456355,-24.271510,-1.617798,0.275766,-0.028778,-4.684429,-2.701865,-0.865875,-0.977615,-2.872275,0.110086
72.000000,1.200000,0.416185,-0.029771,-0.004845,0.007555,-3.161530,0.518434,-24.872070,-1.525665,0.228995,-0.023956,-4.352482,-2.443150,-0.808118,-0.977624,-2.872271,0.110092
73.000000,1.216667,0.421965,-0.029429,-0.004279,0.007467,-3.236938,0.559285,-25.260930,-1.420410,0.185376,-0.019409,-4.006856,-2.178366,-0.748179,-0.977631,-2.872272,0.110093
74.000000,1.233333,0.427746,-0.029308,-0.004078,0.007436,-3.263672,0.573934,-25.399170,-1.301117,0.145326,-0.015228,-3.654949,-1.914284,-0.687357,-0.977635,-2.872270,0.110098
75.000000,1.250000,0.433526,-0.029308,-0.004078,0.007436,-3.263672,0.573934,-25.399170,-1.166962,0.109264,-0.011414,-3.304248,-1.657700,-0.626934,-0.977635,-2.872270,0.110098
76.000000,1.266667,0.439306,-0.029308,-0.004078,0.007436,-3.263672,0.573934,-25.399170,-1.016968,0.077608,-0.008087,-2.962089,-1.415080,-0.568060,-0.977635,-2.872270,0.110098
77.000000,1.283333,0.445087,-0.029308,-0.004078,0.007436,-3.263672,0.573934,-25.399170,-0.850372,0.050775,-0.005249,-2.636670,-1.194128,-0.512325,-0.977635,-2.872270,0.110098
78.000000,1.300000,0.450867,-0.029308,-0.004078,0.007436,-3.263672,0.573934,-25.399170,-0.666260,0.029183,-0.002991,-2.335277,-1.000898,-0.460715,-0.977635,-2.872270,0.110098
79.000000,1.316667,0.456647,-0.029308,-0.004078,0.007436,-3.263672,0.573934,-25.399170,-0.463745,0.013246,-0.001343,-2.065521,-0.842055,-0.414426,-0.977635,-2.872271,0.110099
80.000000,1.333333,0.462428,-0.029575,-0.003752,0.007198,-3.135315,0.548316,-25.376560,-0.241943,0.003381,-0.000336,-1.835760,-0.725171,-0.374943,-0.977635,-2.872271,0.110101
81.000000,1.350000,0.468208,-0.030162,-0.003037,0.006673,-2.847534,0.505697,-25.338260,0.000000,0.000000,0.000000,-1.653391,-0.656529,-0.343310,-0.977636,-2.872277,0.110113
82.000000,1.366667,0.473988,-0.030749,-0.002321,0.006149,-2.546570,0.497228,-25.328370,0.412387,0.000000,0.000000,-1.526113,-0.642859,-0.320705,-0.977636,-2.872280,0.110121
83.000000,1.383333,0.479769,-0.031016,-0.001995,0.005911,-2.378815,0.573518,-25.390290,1.081037,0.000000,0.000000,-1.440722,-0.689320,-0.305749,-0.977640,-2.872280,0.110134
84.000000,1.400000,0.485549,-0.030162,-0.003037,0.006673,-3.281799,1.336608,-26.036220,1.910128,0.000000,0.000000,-1.374096,-0.783167,-0.295296,-0.977668,-2.872271,0.110149
85.000000,1.416667,0.491330,-0.029308,-0.004078,0.007436,-4.201172,2.040234,-26.636170,2.803722,0.000000,0.000000,-1.318484,-0.903823,-0.288117,-0.977688,-2.872262,0.110166
86.000000,1.433333,0.497110,-0.029396,-0.003954,0.007404,-4.176178,1.988246,-26.590030,3.665729,0.000000,0.000000,-1.269064,-1.030198,-0.283312,-0.977689,-2.872262,0.110166
87.000000,1.450000,0.502890,-0.029628,-0.003627,0.007317,-4.101685,1.848417,-26.461700,4.400208,0.000000,0.000000,-1.226292,-1.141945,-0.280309,-0.977684,-2.872262,0.110162
88.000000,1.466667,0.508671,-0.029953,-0.003161,0.007187,-3.978180,1.645107,-26.266600,4.911180,0.000000,0.000000,-1.195371,-1.220860,-0.278747,-0.977676,-2.872263,0.110154
89.000000,1.483333,0.514451,-0.030322,-0.002621,0.007029,-3.806152,1.402821,-26.020140,5.102817,0.000000,0.000000,-1.183607,-1.250734,-0.278305,-0.977669,-2.872266,0.110145
90.000000,1.500000,0.520231,-0.030684,-0.002074,0.006853,-3.586304,1.146301,-25.737880,5.088168,0.000000,0.000000,-1.183602,-1.250738,-0.278298,-0.977658,-2.872267,0.110142
91.000000,1.516667,0.526012,-0.030989,-0.001583,0.006674,-3.319824,0.900234,-25.435300,5.045524,0.000000,0.000000,-1.183600,-1.250739,-0.278293,-0.977649,-2.872271,0.110136
92.000000,1.533333,0.531792,-0.031187,-0.001215,0.006503,-3.008240,0.689506,-25.127810,4.976717,0.000000,0.000000,-1.183592,-1.250742,-0.278292,-0.977640,-2.872274,0.110131
93.000000,1.550000,0.537572,-0.031228,-0.001034,0.006355,-2.653809,0.538764,-24.830570,4.883612,0.000000,0.000000,-1.183587,-1.250746,-0.278286,-0.977631,-2.872278,0.110128
94.000000,1.566667,0.543353,-0.030974,-0.000969,0.006192,-2.267426,0.432784,-24.555300,4.768080,0.000000,0.000000,-1.183583,-1.250750,-0.278284,-0.977623,-2.872284,0.110123
95.000000,1.583333,0.549133,-0.030345,-0.000902,0.005975,-1.863251,0.339512,-24.293000,4.632000,0.000000,0.000000,-1.183578,-1.250753,-0.278280,-0.977615,-2.872292,0.110119
96.000000,1.600000,0.554913,-0.029380,-0.000834,0.005710,-1.448578,0.258209,-24.027620,4.477252,0.000000,0.000000,-1.183573,-1.250757,-0.278276,-0.977609,-2.872298,0.110114
97.000000,1.616667,0.560694,-0.028120,-0.000766,0.005402,-1.030579,0.188294,-23.743010,4.305663,0.000000,0.000000,-1.183573,-1.250764,-0.278274,-0.977593,-2.872306,0.110103
98.000000,1.633333,0.566474,-0.026604,-0.000698,0.005059,-0.616272,0.129389,-23.423070,4.119102,0.000000,0.000000,-1.183571,-1.250769,-0.278270,-0.977578,-2.872315,0.110096
99.000000,1.650000,0.572254,-0.024873,-0.000630,0.004688,-0.212555,0.081225,-23.051640,3.919474,0.000000,0.000000,-1.183570,-1.250777,-0.278266,-0.977567,-2.872325,0.110085
100.000000,1.666667,0.578035,-0.022965,-0.000564,0.004293,0.173762,0.043574,-22.612610,3.708601,0.000000,0.000000,-1.183578,-1.250786,-0.278259,-0.977796,-2.872282,0.110552
101.000000,1.683333,0.583815,-0.020920,-0.000499,0.003883,0.535992,0.016418,-22.089780,3.488365,0.000000,0.000000,-1.183580,-1.250793,-0.278256,-0.977791,-2.872283,0.110552
102.000000,1.700000,0.589595,-0.018779,-0.000436,0.003463,0.867470,-0.000427,-21.466860,3.260710,0.000000,0.000000,-1.183588,-1.250799,-0.278249,-0.977785,-2.872287,0.110550
103.000000,1.716667,0.595376,-0.016581,-0.000376,0.003039,1.161579,-0.007141,-20.727450,3.027369,0.000000,0.000000,-1.183595,-1.250807,-0.278244,-0.977782,-2.872290,0.110547
104.000000,1.733333,0.601156,-0.014366,-0.000318,0.002619,1.411673,-0.004150,-19.855010,2.790311,0.000000,0.000000,-1.183606,-1.250814,-0.278239,-0.977774,-2.872292,0.110542
105.000000,1.750000,0.606936,-0.012173,-0.000264,0.002208,1.611051,0.007834,-18.832760,2.551399,0.000000,0.000000,-1.183618,-1.250822,-0.278231,-0.977770,-2.872297,0.110540
106.000000,1.766667,0.612717,-0.010042,-0.000213,0.001813,1.752947,0.027598,-17.643680,2.312494,0.000000,0.000000,-1.183638,-1.250829,-0.278227,-0.977763,-2.872298,0.110538
107.000000,1.783333,0.618497,-0.008013,-0.000167,0.001440,1.830478,0.053250,-16.270480,2.075424,0.000000,0.000000,-1.183655,-1.250836,-0.278216,-0.977749,-2.872303,0.110535
108.000000,1.800000,0.624278,-0.006125,-0.000125,0.001097,1.836688,0.082072,-14.695500,1.842126,0.000000,0.000000,-1.188857,-1.201742,-0.249316,-0.977742,-2.872305,0.110531
109.000000,1.816667,0.630058,-0.004419,-0.000089,0.000789,1.764600,0.110264,-12.900910,1.614439,0.000000,0.000000,-1.196764,-1.075438,-0.199236,-0.977733,-2.872308,0.110532
110.000000,1.833333,0.635838,-0.002934,-0.000058,0.000522,1.607226,0.132671,-10.868590,1.394207,0.000000,0.000000,-1.196848,-0.904342,-0.177724,-0.977719,-2.872312,0.110529
111.000000,1.850000,0.641619,-0.001710,-0.000033,0.000303,1.357858,0.142560,-8.580322,1.183349,0.000000,0.000000,-1.174992,-0.717726,-0.210321,-0.977704,-2.872316,0.110528
112.000000,1.866667,0.647399,-0.000787,-0.000015,0.000139,1.010248,0.131312,-6.017944,0.983710,0.000000,0.000000,-1.125298,-0.529761,-0.280547,-0.977689,-2.872319,0.110530
113.000000,1.883333,0.653179,-0.000203,-0.000004,0.000036,0.558960,0.088141,-3.163574,0.797154,0.000000,0.000000,-1.050355,-0.347867,-0.360287,-0.977669,-2.872323,0.110531
114.000000,1.900000,0.658960,0.000000,0.000000,0.000000,0.000000,0.000002,0.000000,0.625567,0.000000,0.000000,-0.956885,-0.178309,-0.416073,-0.977655,-2.872324,0.110540
115.000000,1.916667,0.664740,0.000000,0.000000,0.000000,-0.830383,-0.146393,3.471399,0.470808,0.000000,0.000000,-0.859732,-0.026366,-0.444056,-0.977628,-2.872325,0.110543
116.000000,1.933333,0.670520,0.000000,0.000000,0.000000,-2.050690,-0.381683,7.206234,0.334736,0.000000,0.000000,-0.780569,0.106565,-0.449954,-0.977607,-2.872323,0.110553
117.000000,1.950000,0.676301,0.000000,0.000000,0.000000,-3.593658,-0.743317,11.154820,0.219200,0.000000,0.000000,-0.728731,0.218690,-0.429694,-0.977580,-2.872317,0.110565
118.000000,1.966667,0.682081,0.000000,0.000000,0.000000,-5.387787,-1.261078,15.264350,0.126113,0.000000,0.000000,-0.704029,0.299751,-0.397541,-0.977557,-2.872303,0.110580
119.000000,1.983333,0.687861,0.000000,0.000000,0.000000,-7.357208,-1.953979,19.477600,0.057309,0.000000,0.000000,-0.698980,0.332241,-0.379048,-0.977533,-2.872282,0.110600
120.000000,2.000000,0.693642,0.000000,0.000000,0.000000,-9.423492,-2.827118,23.731330,0.014634,0.000000,0.000000,-0.698989,0.332203,-0.379078,-0.977516,-2.872260,0.110620
121.000000,2.016667,0.699422,0.000000,0.000000,0.000000,-11.508540,-3.869659,27.954670,0.000000,0.000000,0.000000,-0.699005,0.332275,-0.379024,-0.977500,-2.872229,0.110644
122.000000,2.033334,0.705202,0.000000,0.000000,0.000000,-13.538760,-5.053558,32.067930,0.023578,-0.068817,-0.000427,-0.699005,0.332207,-0.379077,-0.925731,-2.817844,0.159191
123.000000,2.050000,0.710983,0.000000,0.000000,0.000000,-15.448640,-6.333862,35.981800,0.092166,-0.259033,-0.001831,-0.699005,0.332163,-0.379107,-0.791677,-2.667442,0.284719
124.000000,2.066667,0.716763,0.000000,0.000000,0.000000,-17.184170,-7.650177,39.598060,0.202566,-0.546387,-0.004517,-0.699017,0.332195,-0.379086,-0.614811,-2.445967,0.447750
125.000000,2.083333,0.722543,0.000000,0.000000,0.000000,-18.703770,-8.930145,42.810800,0.351502,-0.906616,-0.008942,-0.699009,0.332164,-0.379106,-0.436486,-2.185458,0.604322
126.000000,2.100000,0.728324,0.000000,0.000000,0.000000,-19.977510,-10.093350,45.508720,0.535769,-1.315460,-0.015564,-0.699020,0.332181,-0.379095,-0.292454,-1.919454,0.718582
127.000000,2.116667,0.734104,0.000000,0.000000,0.000000,-20.983700,-11.056060,47.577610,0.752112,-1.748596,-0.024689,-0.699015,0.332166,-0.379108,-0.201884,-1.671887,0.774973
128.000000,2.133333,0.739884,0.000000,0.000000,0.000000,-21.703310,-11.735930,48.902710,0.997270,-2.181793,-0.036499,-0.699008,0.332151,-0.379116,-0.166687,-1.456729,0.779858
129.000000,2.150000,0.745665,0.000000,0.000000,0.000000,-22.112880,-12.056730,49.371150,1.268070,-2.590820,-0.050934,-0.699070,0.332259,-0.379057,-0.172718,-1.284402,0.754173
130.000000,2.166667,0.751445,0.000000,0.000000,0.000000,-22.349060,-12.146510,49.351600,1.561257,-2.951385,-0.067657,-0.699063,0.332251,-0.379061,-0.194121,-1.167341,0.723436
131.000000,2.183333,0.757226,0.000000,0.000000,0.000000,-22.569700,-12.183200,49.289550,1.873671,-3.239288,-0.085907,-0.699061,0.332241,-0.379066,-0.205431,-1.123880,0.709578
132.000000,2.200000,0.763006,0.000000,0.000000,0.000000,-22.774690,-12.172940,49.190210,2.202158,-3.430267,-0.104645,-0.699060,0.332235,-0.379071,-0.205426,-1.123870,0.709582
133.000000,2.216667,0.768786,0.000000,0.000000,0.000000,-22.963750,-12.122130,49.058920,2.543679,-3.500061,-0.122437,-0.699052,0.332233,-0.379073,-0.205426,-1.123870,0.709581
134.000000,2.233333,0.774567,0.000000,0.000000,0.000000,-23.136600,-12.037050,48.901090,2.895004,-3.494751,-0.139221,-0.699053,0.332230,-0.379073,-0.205426,-1.123866,0.709580
135.000000,2.250000,0.780347,0.000000,0.000000,0.000000,-23.292910,-11.924220,48.722300,3.252814,-3.477051,-0.155914,-0.699054,0.332224,-0.379079,-0.205425,-1.123862,0.709579
136.000000,2.266667,0.786127,0.000000,0.000000,0.000000,-23.432340,-11.790190,48.528140,3.613923,-3.447601,-0.172302,-0.699053,0.332225,-0.379078,-0.205420,-1.123858,0.709580
137.000000,2.283333,0.791908,0.000000,0.000000,0.000000,-23.554630,-11.641630,48.324390,3.975104,-3.407104,-0.188141,-0.699050,0.332224,-0.379079,-0.205419,-1.123854,0.709580
138.000000,2.300000,0.797688,0.000000,0.000000,0.000000,-23.659550,-11.485230,48.116880,4.333158,-3.356110,-0.203156,-0.699051,0.332229,-0.379077,-0.205417,-1.123851,0.709580
139.000000,2.316667,0.803468,0.000000,0.000000,0.000000,-23.746860,-11.327730,47.911420,4.684875,-3.295288,-0.217163,-0.699052,0.332228,-0.379077,-0.205415,-1.123849,0.709580
140.000000,2.333333,0.809249,0.000000,0.000000,0.000000,-23.816530,-11.176030,47.714070,5.027020,-3.225250,-0.229981,-0.699053,0.332231,-0.379077,-0.205411,-1.123844,0.709581
141.000000,2.350000,0.815029,0.000000,0.000000,0.000000,-23.868530,-11.036900,47.530720,5.356375,-3.146637,-0.241394,-0.699052,0.332236,-0.379073,-0.205412,-1.123842,0.709577
142.000000,2.366667,0.820809,0.000000,0.000000,0.000000,-23.902860,-10.917240,47.367390,5.669746,-3.060059,-0.251221,-0.699051,0.332239,-0.379074,-0.205414,-1.123845,0.709575
143.000000,2.383333,0.826590,0.000000,0.000000,0.000000,-23.919650,-10.823850,47.230040,5.963864,-2.966125,-0.259369,-0.699058,0.332243,-0.379070,-0.205401,-1.139186,0.709583
144.000000,2.400000,0.832370,0.000000,0.000000,0.000000,-23.919010,-10.763520,47.124600,6.235500,-2.865479,-0.265717,-0.699057,0.332244,-0.379070,-0.205372,-1.180837,0.709592
145.000000,2.416667,0.838150,0.000000,0.000000,0.000000,-23.901000,-10.742950,47.056830,6.481467,-2.758728,-0.270172,-0.699058,0.332247,-0.379065,-0.205328,-1.242219,0.709608
146.000000,2.433333,0.843931,-0.000547,-0.001324,0.006870,-22.951750,-10.711610,47.182050,6.698544,-2.646545,-0.272675,-0.699008,0.332147,-0.379121,-0.205320,-1.316824,0.709615
147.000000,2.450000,0.849711,-0.001094,-0.002648,0.013740,-21.991730,-10.679320,47.285780,6.883472,-2.529541,-0.273163,-0.699048,0.332232,-0.379079,-0.205303,-1.398007,0.709620
148.000000,2.466667,0.855491,-0.001089,-0.002636,0.013680,-22.012660,-10.664580,47.193840,7.032998,-2.408325,-0.271668,-0.699048,0.332231,-0.379079,-0.205242,-1.479132,0.709645
149.000000,2.483333,0.861272,-0.001076,-0.002603,0.013508,-22.149900,-10.609340,47.067240,7.143934,-2.283630,-0.268158,-0.699052,0.332239,-0.379075,-0.205181,-1.553686,0.709665
150.000000,2.500000,0.867052,-0.001054,-0.002550,0.013233,-22.373260,-10.510130,46.862710,7.213054,-2.156036,-0.262695,-0.699047,0.332240,-0.379071,-0.200483,-1.627311,0.715132
151.000000,2.516667,0.872832,-0.001024,-0.002479,0.012864,-22.652500,-10.362790,46.536590,7.237105,-2.026276,-0.255371,-0.699005,0.332143,-0.379122,-0.189375,-1.702106,0.729378
152.000000,2.533333,0.878613,-0.000988,-0.002392,0.012411,-22.957280,-10.162630,46.044770,7.194042,-1.894867,-0.245575,-0.699004,0.332146,-0.379120,-0.176537,-1.767435,0.748362
153.000000,2.550000,0.884393,-0.000946,-0.002290,0.011882,-23.256620,-9.904388,45.342560,7.069402,-1.762512,-0.233124,-0.699008,0.332149,-0.379123,-0.168863,-1.713195,0.766357
154.000000,2.566667,0.890173,-0.000899,-0.002175,0.011288,-23.518680,-9.583099,44.384820,6.871351,-1.629913,-0.218597,-0.699011,0.332151,-0.379116,-0.172594,-1.599344,0.777054
155.000000,2.583333,0.895954,-0.000847,-0.002050,0.010638,-23.710140,-9.194702,43.126090,6.607978,-1.497864,-0.202576,-0.699035,0.332216,-0.379084,-0.194197,-1.626838,0.773659
156.000000,2.600000,0.901734,-0.000792,-0.001916,0.009940,-23.795720,-8.737427,41.521160,6.287442,-1.367096,-0.185547,-0.699004,0.332151,-0.379118,-0.236319,-1.776446,0.750805
157.000000,2.616667,0.907515,-0.000733,-0.001774,0.009206,-23.737850,-8.213165,39.525580,5.917848,-1.238312,-0.167938,-0.699013,0.332165,-0.379112,-0.300403,-1.936249,0.704807
158.000000,2.633333,0.913295,-0.000672,-0.001627,0.008443,-23.380220,-7.541412,37.101500,5.507373,-1.112244,-0.150208,-0.699056,0.332283,-0.379050,-0.385031,-2.102852,0.635549
159.000000,2.650000,0.919075,-0.000610,-0.001476,0.007661,-22.612790,-6.684631,34.299730,5.064155,-0.989624,-0.132690,-0.699011,0.332176,-0.379101,-0.486574,-2.271565,0.547256
160.000000,2.666667,0.924856,-0.000547,-0.001324,0.006870,-21.468660,-5.715698,31.213400,4.596363,-0.871094,-0.115662,-0.699003,0.332157,-0.379114,-0.597509,-2.433656,0.447689
161.000000,2.683333,0.930636,-0.000484,-0.001171,0.006079,-19.987980,-4.705902,27.936410,4.112205,-0.757385,-0.099365,-0.699007,0.332195,-0.379094,-0.709694,-2.580279,0.346553
162.000000,2.700000,0.936416,-0.000422,-0.001021,0.005297,-18.220460,-3.719330,24.559250,3.619823,-0.649109,-0.084045,-0.699021,0.332341,-0.379007,-0.813581,-2.702878,0.253874
163.000000,2.716667,0.942197,-0.000361,-0.000874,0.004534,-16.225920,-2.808716,21.166150,3.127431,-0.546936,-0.069824,-0.698995,0.332209,-0.379082,-0.899175,-2.794958,0.178679
164.000000,2.733333,0.947977,-0.000303,-0.000732,0.003799,-14.073360,-2.012543,17.833010,2.643205,-0.451508,-0.056793,-0.698988,0.332246,-0.379059,-0.956733,-2.852382,0.128649
165.000000,2.750000,0.953757,-0.000247,-0.000598,0.003102,-11.838070,-1.353973,14.627160,2.175322,-0.363464,-0.045074,-0.698985,0.332198,-0.379087,-0.977560,-2.872234,0.110554
166.000000,2.766667,0.959538,-0.000195,-0.000472,0.002451,-9.598938,-0.841522,11.608570,1.731984,-0.283417,-0.034668,-0.698971,0.332239,-0.379062,-0.977570,-2.872262,0.110544
167.000000,2.783333,0.965318,-0.000148,-0.000358,0.001857,-7.434814,-0.470367,8.831275,1.321306,-0.212006,-0.025635,-0.698954,0.332268,-0.379044,-0.977584,-2.872283,0.110539
168.000000,2.800000,0.971098,-0.000106,-0.000256,0.001329,-5.422058,-0.225220,6.345562,0.951482,-0.149872,-0.017944,-0.698969,0.332175,-0.379100,-0.977600,-2.872299,0.110538
169.000000,2.816667,0.976879,-0.000070,-0.000169,0.000876,-3.632751,-0.082977,4.199796,0.630643,-0.097595,-0.011597,-0.698958,0.332209,-0.379080,-0.977615,-2.872312,0.110536
170.000000,2.833333,0.982659,-0.000040,-0.000098,0.000507,-2.134003,-0.016144,2.442135,0.366956,-0.055847,-0.006622,-0.698939,0.332235,-0.379066,-0.977632,-2.872319,0.110535
171.000000,2.850000,0.988439,-0.000018,-0.000045,0.000231,-0.988800,0.003879,1.121789,0.168516,-0.025269,-0.002991,-0.698927,0.332251,-0.379057,-0.977643,-2.872322,0.110538
172.000000,2.866667,0.994220,-0.000005,-0.000011,0.000059,-0.257446,0.002852,0.289813,0.043496,-0.006409,-0.000763,-0.698919,0.332260,-0.379050,-0.977649,-2.872324,0.110538
173.000000,2.883333,1.000000,0.000000,0.000000,0.000000,0.000000,0.000000,0.000000,0.000000,0.000000,0.000000,-0.698913,0.332263,-0.379047,-0.977655,-2.872323,0.110540
